Date,Close
10/2/2012 16:00:00,3.73
10/3/2012 16:00:00,3.76
10/4/2012 16:00:00,3.84
10/5/2012 16:00:00,3.78
10/8/2012 16:00:00,3.82
10/9/2012 16:00:00,3.74
10/10/2012 16:00:00,3.75
10/11/2012 16:00:00,3.75
10/12/2012 16:00:00,3.7
10/15/2012 16:00:00,3.71
10/16/2012 16:00:00,3.73
10/17/2012 16:00:00,3.8
10/18/2012 16:00:00,3.68
10/19/2012 16:00:00,3.52
10/22/2012 16:00:00,3.38
10/23/2012 16:00:00,3.22
10/24/2012 16:00:00,3.44
10/25/2012 16:00:00,3.55
10/26/2012 16:00:00,3.55
10/31/2012 16:00:00,3.63
11/1/2012 16:00:00,3.63
11/2/2012 16:00:00,3.44
11/5/2012 16:00:00,3.27
11/6/2012 16:00:00,3.5
11/7/2012 16:00:00,3.42
11/8/2012 16:00:00,3.22
11/9/2012 16:00:00,3.12
11/12/2012 16:00:00,3.22
11/13/2012 16:00:00,3.16
11/14/2012 16:00:00,3
11/15/2012 16:00:00,3.03
11/16/2012 16:00:00,2.9
11/19/2012 16:00:00,2.89
11/20/2012 16:00:00,3.05
11/21/2012 16:00:00,3
11/23/2012 16:00:00,3.08
11/26/2012 16:00:00,2.99
11/27/2012 16:00:00,2.97
11/28/2012 16:00:00,3.15
11/29/2012 16:00:00,3.13
11/30/2012 16:00:00,3.13
12/3/2012 16:00:00,3.07
12/4/2012 16:00:00,3.09
12/5/2012 16:00:00,3.13
12/6/2012 16:00:00,3.12
12/7/2012 16:00:00,3.18
12/10/2012 16:00:00,3.4
12/11/2012 16:00:00,3.41
12/12/2012 16:00:00,3.36
12/13/2012 16:00:00,3.28
12/14/2012 16:00:00,3.31
12/17/2012 16:00:00,3.38
12/18/2012 16:00:00,3.45
12/19/2012 16:00:00,3.72
12/20/2012 16:00:00,3.72
12/21/2012 16:00:00,3.64
12/24/2012 16:00:00,3.6
12/26/2012 16:00:00,3.62
12/27/2012 16:00:00,3.7
12/28/2012 16:00:00,3.48
12/31/2012 16:00:00,3.67
1/2/2013 16:00:00,3.78
1/3/2013 16:00:00,3.69
1/4/2013 16:00:00,3.71
1/7/2013 16:00:00,3.63
1/8/2013 16:00:00,3.65
1/9/2013 16:00:00,3.69
1/10/2013 16:00:00,3.71
1/11/2013 16:00:00,3.68
1/14/2013 16:00:00,3.61
1/15/2013 16:00:00,3.68
1/16/2013 16:00:00,3.56
1/17/2013 16:00:00,3.7
1/18/2013 16:00:00,3.69
1/22/2013 16:00:00,3.76
1/23/2013 16:00:00,3.74
1/24/2013 16:00:00,3.77
1/25/2013 16:00:00,3.76
1/28/2013 16:00:00,3.74
1/29/2013 16:00:00,3.75
1/30/2013 16:00:00,3.72
1/31/2013 16:00:00,4.02
2/1/2013 16:00:00,4.01
2/4/2013 16:00:00,3.83
2/5/2013 16:00:00,3.8
2/6/2013 16:00:00,3.89
2/7/2013 16:00:00,3.96
2/8/2013 16:00:00,4
2/11/2013 16:00:00,3.99
2/12/2013 16:00:00,4.08
2/13/2013 16:00:00,4.13
2/14/2013 16:00:00,4.28
2/15/2013 16:00:00,4.21
2/19/2013 16:00:00,4.35
2/20/2013 16:00:00,4.23
2/21/2013 16:00:00,4.25
2/22/2013 16:00:00,4.3
2/25/2013 16:00:00,4.2
2/26/2013 16:00:00,4.3
2/27/2013 16:00:00,4.32
2/28/2013 16:00:00,4.3
3/1/2013 16:00:00,4.51
3/4/2013 16:00:00,4.47
3/5/2013 16:00:00,4.64
3/6/2013 16:00:00,4.71
3/7/2013 16:00:00,4.77
3/8/2013 16:00:00,4.9
3/11/2013 16:00:00,5.1
3/12/2013 16:00:00,5.03
3/13/2013 16:00:00,5.03
3/14/2013 16:00:00,5.06
3/15/2013 16:00:00,5.04
3/18/2013 16:00:00,4.92
3/19/2013 16:00:00,5.03
3/20/2013 16:00:00,5.09
3/21/2013 16:00:00,5.09
3/22/2013 16:00:00,4.97
3/25/2013 16:00:00,5.05
3/26/2013 16:00:00,5.04
3/27/2013 16:00:00,5.05
3/28/2013 16:00:00,4.97
4/1/2013 16:00:00,4.88
4/2/2013 16:00:00,5
4/3/2013 16:00:00,4.96
4/4/2013 16:00:00,5.02
4/5/2013 16:00:00,5
4/8/2013 16:00:00,5.12
4/9/2013 16:00:00,5.07
4/10/2013 16:00:00,5.4
4/11/2013 16:00:00,5.5
4/12/2013 16:00:00,5.42
4/15/2013 16:00:00,5.24
4/16/2013 16:00:00,5.36
4/17/2013 16:00:00,5.25
4/18/2013 16:00:00,5.29
4/19/2013 16:00:00,5.35
4/22/2013 16:00:00,5.38
4/23/2013 16:00:00,5.41
4/24/2013 16:00:00,5.53
4/25/2013 16:00:00,5.66
4/26/2013 16:00:00,5.84
4/29/2013 16:00:00,6.05
4/30/2013 16:00:00,5.93
5/1/2013 16:00:00,5.71
5/2/2013 16:00:00,5.56
5/3/2013 16:00:00,5.68
5/6/2013 16:00:00,5.85
5/7/2013 16:00:00,6.09
5/8/2013 16:00:00,6.29
5/9/2013 16:00:00,6.22
5/10/2013 16:00:00,6.05
5/13/2013 16:00:00,6.35
5/14/2013 16:00:00,6.4
5/15/2013 16:00:00,6.4
5/16/2013 16:00:00,6.48
5/17/2013 16:00:00,6.55
5/20/2013 16:00:00,6.54
5/21/2013 16:00:00,6.51
5/22/2013 16:00:00,6.29
5/23/2013 16:00:00,6.15
5/24/2013 16:00:00,6.19
5/28/2013 16:00:00,6.38
5/29/2013 16:00:00,6.24
5/30/2013 16:00:00,6.27
5/31/2013 16:00:00,6.09
6/3/2013 16:00:00,6.19
6/4/2013 16:00:00,6.14
6/5/2013 16:00:00,5.9
6/6/2013 16:00:00,5.87
6/7/2013 16:00:00,5.97
6/10/2013 16:00:00,5.89
6/11/2013 16:00:00,5.65
6/12/2013 16:00:00,5.47
6/13/2013 16:00:00,5.71
6/14/2013 16:00:00,5.56
6/17/2013 16:00:00,5.85
6/18/2013 16:00:00,5.97
6/19/2013 16:00:00,6.06
6/20/2013 16:00:00,5.89
6/21/2013 16:00:00,6.02
6/24/2013 16:00:00,5.7
6/25/2013 16:00:00,5.74
6/26/2013 16:00:00,5.77
6/27/2013 16:00:00,6.18
6/28/2013 16:00:00,6.19
7/1/2013 16:00:00,6.16
7/2/2013 16:00:00,6.02
7/3/2013 16:00:00,6.02
7/5/2013 16:00:00,6.5
7/8/2013 16:00:00,6.56
7/9/2013 16:00:00,6.6
7/10/2013 16:00:00,6.62
7/11/2013 16:00:00,6.8
7/12/2013 16:00:00,6.92
7/15/2013 16:00:00,6.65
7/16/2013 16:00:00,6.64
7/17/2013 16:00:00,6.88
7/18/2013 16:00:00,7.09
7/19/2013 16:00:00,7.12
7/22/2013 16:00:00,6.97
7/23/2013 16:00:00,6.62
7/24/2013 16:00:00,6.51
7/25/2013 16:00:00,6.99
7/26/2013 16:00:00,6.91
7/29/2013 16:00:00,6.7
7/30/2013 16:00:00,6.58
7/31/2013 16:00:00,6.58
8/1/2013 16:00:00,6.8
8/2/2013 16:00:00,6.96
8/5/2013 16:00:00,6.95
8/6/2013 16:00:00,6.78
8/7/2013 16:00:00,6.49
8/8/2013 16:00:00,6.8
8/9/2013 16:00:00,6.63
8/12/2013 16:00:00,6.46
8/13/2013 16:00:00,6.57
8/14/2013 16:00:00,6.53
8/15/2013 16:00:00,6.25
8/16/2013 16:00:00,6.43
8/19/2013 16:00:00,5.95
8/20/2013 16:00:00,6.09
8/21/2013 16:00:00,6.09
8/22/2013 16:00:00,6.25
8/23/2013 16:00:00,6.14
8/26/2013 16:00:00,6.04
8/27/2013 16:00:00,5.75
8/28/2013 16:00:00,5.81
8/29/2013 16:00:00,5.52
8/30/2013 16:00:00,5.44
9/3/2013 16:00:00,5.28
9/4/2013 16:00:00,5.42
9/5/2013 16:00:00,5.34
9/6/2013 16:00:00,5.34
9/9/2013 16:00:00,5.39
9/10/2013 16:00:00,5.27
9/11/2013 16:00:00,5.31
9/12/2013 16:00:00,5.18
9/13/2013 16:00:00,5.38
9/16/2013 16:00:00,5.39
9/17/2013 16:00:00,5.56
9/18/2013 16:00:00,5.6
9/19/2013 16:00:00,5.44
9/20/2013 16:00:00,5.43
9/23/2013 16:00:00,5.34
9/24/2013 16:00:00,5.34
9/25/2013 16:00:00,5.33
9/26/2013 16:00:00,5.31
9/27/2013 16:00:00,5.23
9/30/2013 16:00:00,4.93
10/1/2013 16:00:00,4.99
10/2/2013 16:00:00,5.06
10/3/2013 16:00:00,4.87
10/4/2013 16:00:00,4.9
10/7/2013 16:00:00,4.75
10/8/2013 16:00:00,4.65
10/9/2013 16:00:00,4.68
10/10/2013 16:00:00,4.95
10/11/2013 16:00:00,5.35
10/14/2013 16:00:00,5.1
10/15/2013 16:00:00,5.15
10/16/2013 16:00:00,5.24
10/17/2013 16:00:00,5.24
10/18/2013 16:00:00,5.3
10/21/2013 16:00:00,5.32
10/22/2013 16:00:00,5.36
10/23/2013 16:00:00,5.3
10/24/2013 16:00:00,5.41
10/25/2013 16:00:00,5.33
10/28/2013 16:00:00,5.73
10/29/2013 16:00:00,5.14
10/30/2013 16:00:00,5.2
10/31/2013 16:00:00,5.44
11/1/2013 16:00:00,5.08
11/4/2013 16:00:00,5.1
11/5/2013 16:00:00,5.06
11/6/2013 16:00:00,4.9
11/7/2013 16:00:00,4.79
11/8/2013 16:00:00,4.92
11/11/2013 16:00:00,4.83
11/12/2013 16:00:00,4.86
11/13/2013 16:00:00,5.11
11/14/2013 16:00:00,5.09
11/15/2013 16:00:00,5.09
11/18/2013 16:00:00,4.95
11/19/2013 16:00:00,4.94
11/20/2013 16:00:00,4.82
11/21/2013 16:00:00,4.88
11/22/2013 16:00:00,4.79
11/25/2013 16:00:00,4.62
11/26/2013 16:00:00,4.67
11/27/2013 16:00:00,4.99
11/29/2013 16:00:00,5.09
12/2/2013 16:00:00,5.08
12/3/2013 16:00:00,5.12
12/4/2013 16:00:00,5.15
12/5/2013 16:00:00,4.96
12/6/2013 16:00:00,5.08
12/9/2013 16:00:00,4.91
12/10/2013 16:00:00,5
12/11/2013 16:00:00,4.97
12/12/2013 16:00:00,4.93
12/13/2013 16:00:00,4.89
12/16/2013 16:00:00,4.91
12/17/2013 16:00:00,5.14
12/18/2013 16:00:00,5.1
12/19/2013 16:00:00,5.1
12/20/2013 16:00:00,5.44
12/23/2013 16:00:00,5.39
12/24/2013 16:00:00,5.44
12/26/2013 16:00:00,5.48
12/27/2013 16:00:00,5.4
12/30/2013 16:00:00,5.39
12/31/2013 16:00:00,5.41
1/2/2014 16:00:00,5.29
1/3/2014 16:00:00,5.22
1/6/2014 16:00:00,5.3
1/7/2014 16:00:00,5.31
1/8/2014 16:00:00,5.22
1/9/2014 16:00:00,5.2
1/10/2014 16:00:00,5.16
1/13/2014 16:00:00,5.03
1/14/2014 16:00:00,5.11
1/15/2014 16:00:00,5.03
1/16/2014 16:00:00,5.07
1/17/2014 16:00:00,5.11
1/21/2014 16:00:00,5.08
1/22/2014 16:00:00,5.07
1/23/2014 16:00:00,5.03
1/24/2014 16:00:00,4.92
1/27/2014 16:00:00,4.7
1/28/2014 16:00:00,5.01
1/29/2014 16:00:00,4.76
1/30/2014 16:00:00,5.11
1/31/2014 16:00:00,5.04
2/3/2014 16:00:00,5.08
2/4/2014 16:00:00,5.3
2/5/2014 16:00:00,5.25
2/6/2014 16:00:00,5.39
2/7/2014 16:00:00,5.4
2/10/2014 16:00:00,5.55
2/11/2014 16:00:00,5.62
2/12/2014 16:00:00,5.61
2/13/2014 16:00:00,5.5
2/14/2014 16:00:00,5.32
2/18/2014 16:00:00,5
2/19/2014 16:00:00,5.15
2/20/2014 16:00:00,5.2
2/21/2014 16:00:00,5.24
2/24/2014 16:00:00,5.27
2/25/2014 16:00:00,5.3
2/26/2014 16:00:00,5.31
2/27/2014 16:00:00,5.28
2/28/2014 16:00:00,5.26
3/3/2014 16:00:00,5.31
3/4/2014 16:00:00,5.46
3/5/2014 16:00:00,5.43
3/6/2014 16:00:00,5.41
3/7/2014 16:00:00,5.41
3/10/2014 16:00:00,5.46
3/11/2014 16:00:00,5.47
3/12/2014 16:00:00,5.46
3/13/2014 16:00:00,5.36
3/14/2014 16:00:00,5.42
3/17/2014 16:00:00,5.46
3/18/2014 16:00:00,5.5
3/19/2014 16:00:00,5.84
3/20/2014 16:00:00,5.68
3/21/2014 16:00:00,5.69
3/24/2014 16:00:00,5.4
3/25/2014 16:00:00,5.57
3/26/2014 16:00:00,5.52
3/27/2014 16:00:00,5.46
3/28/2014 16:00:00,5.47
3/31/2014 16:00:00,5.63
4/1/2014 16:00:00,5.67
4/2/2014 16:00:00,5.69
4/3/2014 16:00:00,5.64
4/4/2014 16:00:00,5.39
4/7/2014 16:00:00,5.4
4/8/2014 16:00:00,5.47
4/9/2014 16:00:00,5.59
4/10/2014 16:00:00,5.41
4/11/2014 16:00:00,5.38
4/14/2014 16:00:00,5.49
4/15/2014 16:00:00,5.57
4/16/2014 16:00:00,5.7
4/17/2014 16:00:00,5.66
4/21/2014 16:00:00,5.73
4/22/2014 16:00:00,5.77
4/23/2014 16:00:00,5.74
4/24/2014 16:00:00,5.75
4/25/2014 16:00:00,5.6
4/28/2014 16:00:00,5.49
4/29/2014 16:00:00,5.46
4/30/2014 16:00:00,5.45
5/1/2014 16:00:00,5.46
5/2/2014 16:00:00,5.6
5/5/2014 16:00:00,5.59
5/6/2014 16:00:00,5.5
5/7/2014 16:00:00,5.55
5/8/2014 16:00:00,5.5
5/9/2014 16:00:00,5.63
5/12/2014 16:00:00,5.87
5/13/2014 16:00:00,5.55
5/14/2014 16:00:00,5.55
5/15/2014 16:00:00,5.57
5/16/2014 16:00:00,5.6
5/19/2014 16:00:00,5.64
5/20/2014 16:00:00,5.54
5/21/2014 16:00:00,5.56
5/22/2014 16:00:00,5.56
5/23/2014 16:00:00,5.64
5/27/2014 16:00:00,5.68
5/28/2014 16:00:00,5.62
5/29/2014 16:00:00,5.61
5/30/2014 16:00:00,5.58
6/2/2014 16:00:00,5.6
6/3/2014 16:00:00,5.59
6/4/2014 16:00:00,5.59
6/5/2014 16:00:00,5.74
6/6/2014 16:00:00,5.73
6/9/2014 16:00:00,5.84
6/10/2014 16:00:00,5.65
6/11/2014 16:00:00,5.62
6/12/2014 16:00:00,5.61
6/13/2014 16:00:00,5.65
6/16/2014 16:00:00,5.68
6/17/2014 16:00:00,5.77
6/18/2014 16:00:00,5.73
6/19/2014 16:00:00,5.63
6/20/2014 16:00:00,5.64
6/23/2014 16:00:00,5.6
6/24/2014 16:00:00,5.6
6/25/2014 16:00:00,5.6
6/26/2014 16:00:00,5.6
6/27/2014 16:00:00,5.74
6/30/2014 16:00:00,5.8
7/1/2014 16:00:00,5.9
7/2/2014 16:00:00,5.97
7/3/2014 16:00:00,5.92
7/7/2014 16:00:00,5.72
7/8/2014 16:00:00,5.62
7/9/2014 16:00:00,5.51
7/10/2014 16:00:00,5.42
7/11/2014 16:00:00,5.49
7/14/2014 16:00:00,5.57
7/15/2014 16:00:00,5.51
7/16/2014 16:00:00,5.5
7/17/2014 16:00:00,5.48
7/18/2014 16:00:00,5.52
7/21/2014 16:00:00,5.54
7/22/2014 16:00:00,5.45
7/23/2014 16:00:00,5.45
7/24/2014 16:00:00,5.41
7/25/2014 16:00:00,5.28
7/28/2014 16:00:00,5.19
7/29/2014 16:00:00,5.22
7/30/2014 16:00:00,5.21
7/31/2014 16:00:00,5.12
8/1/2014 16:00:00,5.16
8/4/2014 16:00:00,5.11
8/5/2014 16:00:00,5.15
8/6/2014 16:00:00,5.14
8/7/2014 16:00:00,5.06
8/8/2014 16:00:00,5.08
8/11/2014 16:00:00,5.19
8/12/2014 16:00:00,5.1
8/13/2014 16:00:00,5.12
8/14/2014 16:00:00,5.11
8/15/2014 16:00:00,5.1
8/18/2014 16:00:00,5.18
8/19/2014 16:00:00,5.13
8/20/2014 16:00:00,5.12
8/21/2014 16:00:00,5.15
8/22/2014 16:00:00,5.13
8/25/2014 16:00:00,5.19
8/26/2014 16:00:00,5.21
8/27/2014 16:00:00,5.2
8/28/2014 16:00:00,5.13
8/29/2014 16:00:00,5.15
9/2/2014 16:00:00,5.98
9/3/2014 16:00:00,6.28
9/4/2014 16:00:00,5.93
9/5/2014 16:00:00,6.09
9/8/2014 16:00:00,6.11
9/9/2014 16:00:00,6.1
9/10/2014 16:00:00,6.3
9/11/2014 16:00:00,6.62
9/12/2014 16:00:00,7.1
9/15/2014 16:00:00,7.06
9/16/2014 16:00:00,7.41
9/17/2014 16:00:00,7.26
9/18/2014 16:00:00,7.35
9/19/2014 16:00:00,7.34
9/22/2014 16:00:00,7.25
9/23/2014 16:00:00,7.29
9/24/2014 16:00:00,7.34
9/25/2014 16:00:00,7.09
9/26/2014 16:00:00,7.18
9/29/2014 16:00:00,7.19
9/30/2014 16:00:00,7.19
10/1/2014 16:00:00,7.64
10/2/2014 16:00:00,8.25
10/3/2014 16:00:00,8.23
10/6/2014 16:00:00,8.35
10/7/2014 16:00:00,8.22
10/8/2014 16:00:00,8.25
10/9/2014 16:00:00,8.09
10/10/2014 16:00:00,7.97
10/13/2014 16:00:00,7.84
10/14/2014 16:00:00,7.46
10/15/2014 16:00:00,7.86
10/16/2014 16:00:00,7.84
10/17/2014 16:00:00,7.64
10/20/2014 16:00:00,7.58
10/21/2014 16:00:00,7.75
10/22/2014 16:00:00,7.77
10/23/2014 16:00:00,8
10/24/2014 16:00:00,7.97
10/27/2014 16:00:00,8.28
10/28/2014 16:00:00,8.4
10/29/2014 16:00:00,7.92
10/30/2014 16:00:00,8
10/31/2014 16:00:00,8.03
11/3/2014 16:00:00,8.01
11/4/2014 16:00:00,8.03
11/5/2014 16:00:00,7.96
11/6/2014 16:00:00,7.92
11/7/2014 16:00:00,8.29
11/10/2014 16:00:00,8.51
11/11/2014 16:00:00,8.84
11/12/2014 16:00:00,9.03
11/13/2014 16:00:00,9.01
11/14/2014 16:00:00,8.99
11/17/2014 16:00:00,8.64
11/18/2014 16:00:00,8.65
11/19/2014 16:00:00,8.5
11/20/2014 16:00:00,8.51
11/21/2014 16:00:00,8.44
11/24/2014 16:00:00,8.51
11/25/2014 16:00:00,8.52
11/26/2014 16:00:00,8.7
11/28/2014 16:00:00,8.55
12/1/2014 16:00:00,8.02
12/2/2014 16:00:00,7.9
12/3/2014 16:00:00,7.95
12/4/2014 16:00:00,7.7
12/5/2014 16:00:00,7.86
12/8/2014 16:00:00,7.95
12/9/2014 16:00:00,8.13
12/10/2014 16:00:00,7.57
12/11/2014 16:00:00,7.54
12/12/2014 16:00:00,7.49
12/15/2014 16:00:00,7.39
12/16/2014 16:00:00,7.37
12/17/2014 16:00:00,7.92
12/18/2014 16:00:00,8.16
12/19/2014 16:00:00,8.05
12/22/2014 16:00:00,7.98
12/23/2014 16:00:00,7.89
12/24/2014 16:00:00,8.07
12/26/2014 16:00:00,8.31
12/29/2014 16:00:00,8.3
12/30/2014 16:00:00,8.28
12/31/2014 16:00:00,8.24
1/2/2015 16:00:00,7.87
1/5/2015 16:00:00,7.81
1/6/2015 16:00:00,7.56
1/7/2015 16:00:00,7.7
1/8/2015 16:00:00,8.05
1/9/2015 16:00:00,7.86
1/12/2015 16:00:00,7.6
1/13/2015 16:00:00,7.59
1/14/2015 16:00:00,7.51
1/15/2015 16:00:00,7.2
1/16/2015 16:00:00,7.41
1/20/2015 16:00:00,7.44
1/21/2015 16:00:00,7.21
1/22/2015 16:00:00,7.49
1/23/2015 16:00:00,7.49
1/26/2015 16:00:00,7.32
1/27/2015 16:00:00,7.18
1/28/2015 16:00:00,7.2
1/29/2015 16:00:00,7.65
1/30/2015 16:00:00,7.89
2/2/2015 16:00:00,9.04
2/3/2015 16:00:00,8.93
2/4/2015 16:00:00,9.57
2/5/2015 16:00:00,9.25
2/6/2015 16:00:00,9.28
2/9/2015 16:00:00,9.62
2/10/2015 16:00:00,10.01
2/11/2015 16:00:00,10.15
2/12/2015 16:00:00,10.35
2/13/2015 16:00:00,10.33
2/17/2015 16:00:00,10.75
2/18/2015 16:00:00,10.65
2/19/2015 16:00:00,10.36
2/20/2015 16:00:00,10.32
2/23/2015 16:00:00,10.45
2/24/2015 16:00:00,11.42
2/25/2015 16:00:00,11.93
2/26/2015 16:00:00,12.31
2/27/2015 16:00:00,12.48
3/2/2015 16:00:00,12.87
3/3/2015 16:00:00,12.62
3/4/2015 16:00:00,12.59
3/5/2015 16:00:00,12.34
3/6/2015 16:00:00,12.23
3/9/2015 16:00:00,12.32
3/10/2015 16:00:00,12.41
3/11/2015 16:00:00,12.68
3/12/2015 16:00:00,13.04
3/13/2015 16:00:00,13.07
3/16/2015 16:00:00,12.63
3/17/2015 16:00:00,12.5
3/18/2015 16:00:00,12.57
3/19/2015 16:00:00,12.67
3/20/2015 16:00:00,12.39
3/23/2015 16:00:00,12.64
3/24/2015 16:00:00,12.64
3/25/2015 16:00:00,12.04
3/26/2015 16:00:00,11.59
3/27/2015 16:00:00,11.71
3/30/2015 16:00:00,11.9
3/31/2015 16:00:00,11.83
4/1/2015 16:00:00,11.76
4/2/2015 16:00:00,11.56
4/6/2015 16:00:00,10.94
4/7/2015 16:00:00,11.3
4/8/2015 16:00:00,11.4
4/9/2015 16:00:00,11.26
4/10/2015 16:00:00,11.17
4/13/2015 16:00:00,11.2
4/14/2015 16:00:00,10.98
4/15/2015 16:00:00,10.99
4/16/2015 16:00:00,11.14
4/17/2015 16:00:00,10.81
4/20/2015 16:00:00,11.05
4/21/2015 16:00:00,10.82
4/22/2015 16:00:00,10.96
4/23/2015 16:00:00,11.09
4/24/2015 16:00:00,11.28
4/27/2015 16:00:00,10.84
4/28/2015 16:00:00,12.01
4/29/2015 16:00:00,11.13
4/30/2015 16:00:00,10.57
5/1/2015 16:00:00,10.2
5/4/2015 16:00:00,10
5/5/2015 16:00:00,9.61
5/6/2015 16:00:00,9.54
5/7/2015 16:00:00,9.61
5/8/2015 16:00:00,10.01
5/11/2015 16:00:00,9.52
5/12/2015 16:00:00,9.93
5/13/2015 16:00:00,9.98
5/14/2015 16:00:00,9.82
5/15/2015 16:00:00,9.89
5/18/2015 16:00:00,9.89
5/19/2015 16:00:00,9.77
5/20/2015 16:00:00,9.74
5/21/2015 16:00:00,9.7
5/22/2015 16:00:00,9.78
5/26/2015 16:00:00,9.76
5/27/2015 16:00:00,9.86
5/28/2015 16:00:00,9.72
5/29/2015 16:00:00,9.51
6/1/2015 16:00:00,9.64
6/2/2015 16:00:00,9.5
6/3/2015 16:00:00,9.79
6/4/2015 16:00:00,9.63
6/5/2015 16:00:00,9.6
6/8/2015 16:00:00,9.75
6/9/2015 16:00:00,9.87
6/10/2015 16:00:00,10.19
6/11/2015 16:00:00,9.95
6/12/2015 16:00:00,9.95
6/15/2015 16:00:00,10.11
6/16/2015 16:00:00,10.12
6/17/2015 16:00:00,10.27
6/18/2015 16:00:00,10.71
6/19/2015 16:00:00,10.59
6/22/2015 16:00:00,10.39
6/23/2015 16:00:00,10.49
6/24/2015 16:00:00,10.51
6/25/2015 16:00:00,10.44
6/26/2015 16:00:00,10.38
6/29/2015 16:00:00,10.05
6/30/2015 16:00:00,10.46
7/1/2015 16:00:00,10.43
7/2/2015 16:00:00,10.44
7/6/2015 16:00:00,10.46
7/7/2015 16:00:00,10.3
7/8/2015 16:00:00,9.75
7/9/2015 16:00:00,10.15
7/10/2015 16:00:00,10.36
7/13/2015 16:00:00,10.43
7/14/2015 16:00:00,10.6
7/15/2015 16:00:00,10.53
7/16/2015 16:00:00,10.8
7/17/2015 16:00:00,10.63
7/20/2015 16:00:00,10.7
7/21/2015 16:00:00,10.65
7/22/2015 16:00:00,10.78
7/23/2015 16:00:00,10.39
7/24/2015 16:00:00,10
7/27/2015 16:00:00,9.92
7/28/2015 16:00:00,9.93
7/29/2015 16:00:00,10.22
7/30/2015 16:00:00,10.1
7/31/2015 16:00:00,9.95
8/3/2015 16:00:00,9.83
8/4/2015 16:00:00,9.63
8/5/2015 16:00:00,9.76
8/6/2015 16:00:00,9.7
8/7/2015 16:00:00,9.63
8/10/2015 16:00:00,9.65
8/11/2015 16:00:00,9.5
8/12/2015 16:00:00,9.14
8/13/2015 16:00:00,9.23
8/14/2015 16:00:00,9.56
8/17/2015 16:00:00,9.74
8/18/2015 16:00:00,9.74
8/19/2015 16:00:00,9.74
8/20/2015 16:00:00,9.45
8/21/2015 16:00:00,9.36
8/24/2015 16:00:00,9.26
8/25/2015 16:00:00,9.38
8/26/2015 16:00:00,9.6
8/27/2015 16:00:00,8.43
8/28/2015 16:00:00,8.91
8/31/2015 16:00:00,8.39
9/1/2015 16:00:00,8.4
9/2/2015 16:00:00,8.55
9/3/2015 16:00:00,8.82
9/4/2015 16:00:00,8.56
9/8/2015 16:00:00,8.44
9/9/2015 16:00:00,8.47
9/10/2015 16:00:00,8.5
9/11/2015 16:00:00,8.41
9/14/2015 16:00:00,8.48
9/15/2015 16:00:00,8.46
9/16/2015 16:00:00,8.57
9/17/2015 16:00:00,8.51
9/18/2015 16:00:00,8.85
9/21/2015 16:00:00,8.5
9/22/2015 16:00:00,8.52
9/23/2015 16:00:00,8.52
9/24/2015 16:00:00,8.76
9/25/2015 16:00:00,8.74
9/28/2015 16:00:00,8.7
9/29/2015 16:00:00,8.9
9/30/2015 16:00:00,9.1
10/1/2015 16:00:00,9.21
10/2/2015 16:00:00,9.8
10/5/2015 16:00:00,10.25
10/6/2015 16:00:00,9.89
10/7/2015 16:00:00,9.8
10/8/2015 16:00:00,10.1
10/9/2015 16:00:00,9.89
10/12/2015 16:00:00,9.59
10/13/2015 16:00:00,9.51
10/14/2015 16:00:00,9.39
10/15/2015 16:00:00,9.54
10/16/2015 16:00:00,9.64
10/19/2015 16:00:00,9.85
10/20/2015 16:00:00,9.67
10/21/2015 16:00:00,9.4
10/22/2015 16:00:00,9.62
10/23/2015 16:00:00,9.81
10/26/2015 16:00:00,9.66
10/27/2015 16:00:00,9.66
10/28/2015 16:00:00,10.18
10/29/2015 16:00:00,9.92
10/30/2015 16:00:00,9.93
11/2/2015 16:00:00,10.44
11/3/2015 16:00:00,10.39
11/4/2015 16:00:00,9.4
11/5/2015 16:00:00,9.51
11/6/2015 16:00:00,9.46
11/9/2015 16:00:00,9.12
11/10/2015 16:00:00,8.7
11/11/2015 16:00:00,8.33
11/12/2015 16:00:00,8
11/13/2015 16:00:00,7.54
11/16/2015 16:00:00,7.12
11/17/2015 16:00:00,6.88
11/18/2015 16:00:00,6.87
11/19/2015 16:00:00,7.16
11/20/2015 16:00:00,7.65
11/23/2015 16:00:00,7.7
11/24/2015 16:00:00,7.81
11/25/2015 16:00:00,7.89
11/27/2015 16:00:00,7.85
11/30/2015 16:00:00,7.73
12/1/2015 16:00:00,7.68
12/2/2015 16:00:00,7.67
12/3/2015 16:00:00,8.1
12/4/2015 16:00:00,8.08
12/7/2015 16:00:00,8.53
12/8/2015 16:00:00,8.48
12/9/2015 16:00:00,8.26
12/10/2015 16:00:00,8.3
12/11/2015 16:00:00,7.87
12/14/2015 16:00:00,7.82
12/15/2015 16:00:00,8.04
12/16/2015 16:00:00,8.43
12/17/2015 16:00:00,7.94
12/18/2015 16:00:00,7.76
12/21/2015 16:00:00,7.7
12/22/2015 16:00:00,7.38
12/23/2015 16:00:00,7.26
12/24/2015 16:00:00,7.32
12/28/2015 16:00:00,7.15
12/29/2015 16:00:00,7.24
12/30/2015 16:00:00,7.11
12/31/2015 16:00:00,7.28
1/4/2016 16:00:00,7.07
1/5/2016 16:00:00,7.24
1/6/2016 16:00:00,7.18
1/7/2016 16:00:00,7.12
1/8/2016 16:00:00,6.83
1/11/2016 16:00:00,6.95
1/12/2016 16:00:00,6.6
1/13/2016 16:00:00,6.45
1/14/2016 16:00:00,6.75
1/15/2016 16:00:00,6.68
1/19/2016 16:00:00,6.59
1/20/2016 16:00:00,6.87
1/21/2016 16:00:00,6.84
1/22/2016 16:00:00,7.01
1/25/2016 16:00:00,6.98
1/26/2016 16:00:00,7.05
1/27/2016 16:00:00,6.99
1/28/2016 16:00:00,6.33
1/29/2016 16:00:00,7.11
2/1/2016 16:00:00,7.31
2/2/2016 16:00:00,7.41
2/3/2016 16:00:00,7.55
2/4/2016 16:00:00,7.79
2/5/2016 16:00:00,7.52
2/8/2016 16:00:00,7.09
2/9/2016 16:00:00,7.18
2/10/2016 16:00:00,7.61
2/11/2016 16:00:00,7.6
2/12/2016 16:00:00,7.53
2/16/2016 16:00:00,7.85
2/17/2016 16:00:00,8.07
2/18/2016 16:00:00,8.28
2/19/2016 16:00:00,8.14
2/22/2016 16:00:00,8.03
2/23/2016 16:00:00,8.06
2/24/2016 16:00:00,8.11
2/25/2016 16:00:00,7.96
2/26/2016 16:00:00,8.18
2/29/2016 16:00:00,7.81
3/1/2016 16:00:00,8
3/2/2016 16:00:00,8.19
3/3/2016 16:00:00,7.54
3/4/2016 16:00:00,8
3/7/2016 16:00:00,8.15
3/8/2016 16:00:00,7.92
3/9/2016 16:00:00,8.03
3/10/2016 16:00:00,8.03
3/11/2016 16:00:00,8.06
3/14/2016 16:00:00,7.83
3/15/2016 16:00:00,7.76
3/16/2016 16:00:00,7.85
3/17/2016 16:00:00,7.93
3/18/2016 16:00:00,7.65
3/21/2016 16:00:00,7.63
3/22/2016 16:00:00,7.51
3/23/2016 16:00:00,7.22
3/24/2016 16:00:00,7.78
3/28/2016 16:00:00,7.45
3/29/2016 16:00:00,7.2
3/30/2016 16:00:00,7.64
3/31/2016 16:00:00,7.88
4/1/2016 16:00:00,7.79
4/4/2016 16:00:00,7.89
4/5/2016 16:00:00,7.63
4/6/2016 16:00:00,7.61
4/7/2016 16:00:00,7.36
4/8/2016 16:00:00,7.31
4/11/2016 16:00:00,7.23
4/12/2016 16:00:00,7.47
4/13/2016 16:00:00,7.66
4/14/2016 16:00:00,7.62
4/15/2016 16:00:00,7.72
4/18/2016 16:00:00,7.76
4/19/2016 16:00:00,7.63
4/20/2016 16:00:00,7.73
4/21/2016 16:00:00,7.62
4/22/2016 16:00:00,7.98
4/25/2016 16:00:00,8
4/26/2016 16:00:00,8.11
4/27/2016 16:00:00,8.07
4/28/2016 16:00:00,7.69
4/29/2016 16:00:00,7.85
5/2/2016 16:00:00,7.67
5/3/2016 16:00:00,7.69
5/4/2016 16:00:00,7.53
5/5/2016 16:00:00,7.55
5/6/2016 16:00:00,7.49
5/9/2016 16:00:00,7.97
5/10/2016 16:00:00,7.8
5/11/2016 16:00:00,7.62
5/12/2016 16:00:00,7.54
5/13/2016 16:00:00,7.45
5/16/2016 16:00:00,7.54
5/17/2016 16:00:00,7.45
5/18/2016 16:00:00,7.4
5/19/2016 16:00:00,7.29
5/20/2016 16:00:00,7.49
5/23/2016 16:00:00,7.55
5/24/2016 16:00:00,7.76
5/25/2016 16:00:00,7.57
5/26/2016 16:00:00,7.71
5/27/2016 16:00:00,8.16
5/31/2016 16:00:00,8.06
6/1/2016 16:00:00,8.24
6/2/2016 16:00:00,8.35
6/3/2016 16:00:00,8.16
6/6/2016 16:00:00,8.43
6/7/2016 16:00:00,8.37
6/8/2016 16:00:00,8.48
6/9/2016 16:00:00,8.41
6/10/2016 16:00:00,8.58
6/13/2016 16:00:00,8.29
6/14/2016 16:00:00,8.5
6/15/2016 16:00:00,8.47
6/16/2016 16:00:00,8.47
6/17/2016 16:00:00,8.33
6/20/2016 16:00:00,8.5
6/21/2016 16:00:00,8.34
6/22/2016 16:00:00,8.33
6/23/2016 16:00:00,8.43
6/24/2016 16:00:00,8.26
6/27/2016 16:00:00,8.19
6/28/2016 16:00:00,8.41
6/29/2016 16:00:00,8.67
6/30/2016 16:00:00,9.02
7/1/2016 16:00:00,8.99
7/5/2016 16:00:00,8.94
7/6/2016 16:00:00,8.91
7/7/2016 16:00:00,8.89
7/8/2016 16:00:00,9.14
7/11/2016 16:00:00,9.53
7/12/2016 16:00:00,9.59
7/13/2016 16:00:00,9.62
7/14/2016 16:00:00,9.61
7/15/2016 16:00:00,9.57
7/18/2016 16:00:00,9.53
7/19/2016 16:00:00,9.46
7/20/2016 16:00:00,9.47
7/21/2016 16:00:00,9.4
7/22/2016 16:00:00,9.28
7/25/2016 16:00:00,9.23
7/26/2016 16:00:00,9.21
7/27/2016 16:00:00,9.2
7/28/2016 16:00:00,9.1
7/29/2016 16:00:00,9.13
8/1/2016 16:00:00,9.14
8/2/2016 16:00:00,9.09
8/3/2016 16:00:00,9.09
8/4/2016 16:00:00,9.17
8/5/2016 16:00:00,9.37
8/8/2016 16:00:00,9.24
8/9/2016 16:00:00,9.21
8/10/2016 16:00:00,9.2
8/11/2016 16:00:00,9.26
8/12/2016 16:00:00,9.27
8/15/2016 16:00:00,9.39
8/16/2016 16:00:00,9.38
8/17/2016 16:00:00,9.41
8/18/2016 16:00:00,9.42
8/19/2016 16:00:00,9.48
8/22/2016 16:00:00,9.38
8/23/2016 16:00:00,9.54
8/24/2016 16:00:00,9.61
8/25/2016 16:00:00,9.33
8/26/2016 16:00:00,9.31
8/29/2016 16:00:00,9.27
8/30/2016 16:00:00,9.35
8/31/2016 16:00:00,9.24
9/1/2016 16:00:00,9.35
9/2/2016 16:00:00,9.28
9/6/2016 16:00:00,9.27
9/7/2016 16:00:00,9.48
9/8/2016 16:00:00,9.33
9/9/2016 16:00:00,9.06
9/12/2016 16:00:00,9.07
9/13/2016 16:00:00,9.01
9/14/2016 16:00:00,9.04
9/15/2016 16:00:00,9.11
9/16/2016 16:00:00,9.08
9/19/2016 16:00:00,9.08
9/20/2016 16:00:00,9.13
9/21/2016 16:00:00,9.22
9/22/2016 16:00:00,9.39
9/23/2016 16:00:00,9.28
9/26/2016 16:00:00,9.24
9/27/2016 16:00:00,9.25
9/28/2016 16:00:00,9.11
9/29/2016 16:00:00,9.14
9/30/2016 16:00:00,9.17
10/3/2016 16:00:00,9.24
10/4/2016 16:00:00,9.32
10/5/2016 16:00:00,9.26
10/6/2016 16:00:00,9.2
10/7/2016 16:00:00,9.21
10/10/2016 16:00:00,9.43
10/11/2016 16:00:00,9.16
10/12/2016 16:00:00,9.12
10/13/2016 16:00:00,9.05
10/14/2016 16:00:00,9.07
10/17/2016 16:00:00,9.09
10/18/2016 16:00:00,9.06
10/19/2016 16:00:00,9.28
10/20/2016 16:00:00,9.37
10/21/2016 16:00:00,9.44
10/24/2016 16:00:00,9.63
10/25/2016 16:00:00,9.59
10/26/2016 16:00:00,9.5
10/27/2016 16:00:00,9.44
10/28/2016 16:00:00,9.44
10/31/2016 16:00:00,9.55
11/1/2016 16:00:00,8.9
11/2/2016 16:00:00,9.5
11/3/2016 16:00:00,9.65
11/4/2016 16:00:00,9.7
11/7/2016 16:00:00,9.9
11/8/2016 16:00:00,10.1
11/9/2016 16:00:00,10
11/10/2016 16:00:00,10.1
11/11/2016 16:00:00,9.95
11/14/2016 16:00:00,10
11/15/2016 16:00:00,10.2
11/16/2016 16:00:00,10.2
11/17/2016 16:00:00,10.4
11/18/2016 16:00:00,10.5
11/21/2016 16:00:00,10.65
11/22/2016 16:00:00,10.7
11/23/2016 16:00:00,10.85
11/25/2016 16:00:00,11.2
11/28/2016 16:00:00,11.05
11/29/2016 16:00:00,10.95
11/30/2016 16:00:00,10.55
12/1/2016 16:00:00,10.8
12/2/2016 16:00:00,10.7
12/5/2016 16:00:00,10.55
12/6/2016 16:00:00,10.7
12/7/2016 16:00:00,10.65
12/8/2016 16:00:00,11.15
12/9/2016 16:00:00,10.6
12/12/2016 16:00:00,10.6
12/13/2016 16:00:00,10.45
12/14/2016 16:00:00,10.25
12/15/2016 16:00:00,10.25
12/16/2016 16:00:00,10.35
12/19/2016 16:00:00,10.55
12/20/2016 16:00:00,11.15
12/21/2016 16:00:00,10.65
12/22/2016 16:00:00,11
12/23/2016 16:00:00,10.8
12/27/2016 16:00:00,10.95
12/28/2016 16:00:00,10.65
12/29/2016 16:00:00,10.7
12/30/2016 16:00:00,10.7
1/3/2017 16:00:00,10.8
1/4/2017 16:00:00,11.05
1/5/2017 16:00:00,10.9
1/6/2017 16:00:00,10.55
1/9/2017 16:00:00,10.65
1/10/2017 16:00:00,10.75
1/11/2017 16:00:00,10.65
1/12/2017 16:00:00,10.25
1/13/2017 16:00:00,10.35
1/17/2017 16:00:00,10.1
1/18/2017 16:00:00,10.1
1/19/2017 16:00:00,9.95
1/20/2017 16:00:00,9.95
1/23/2017 16:00:00,9.55
1/24/2017 16:00:00,9.95
1/25/2017 16:00:00,10.15
1/26/2017 16:00:00,9.95
1/27/2017 16:00:00,9.85
1/30/2017 16:00:00,9.65
1/31/2017 16:00:00,9
2/1/2017 16:00:00,9.25
2/2/2017 16:00:00,9.45
2/3/2017 16:00:00,9.5
2/6/2017 16:00:00,9.55
2/7/2017 16:00:00,9.75
2/8/2017 16:00:00,9.55
2/9/2017 16:00:00,10.05
2/10/2017 16:00:00,10
2/13/2017 16:00:00,10.05
2/14/2017 16:00:00,10.25
2/15/2017 16:00:00,10.1
2/16/2017 16:00:00,9.95
2/17/2017 16:00:00,10
2/21/2017 16:00:00,10.1
2/22/2017 16:00:00,10.2
2/23/2017 16:00:00,10.2
2/24/2017 16:00:00,10.15
2/27/2017 16:00:00,10.2
2/28/2017 16:00:00,10
3/1/2017 16:00:00,10.2
3/2/2017 16:00:00,9.9
3/3/2017 16:00:00,9.85
3/6/2017 16:00:00,9.75
3/7/2017 16:00:00,9.7
3/8/2017 16:00:00,9.7
3/9/2017 16:00:00,9.65
3/10/2017 16:00:00,9.65
3/13/2017 16:00:00,9.65
3/14/2017 16:00:00,9.4
3/15/2017 16:00:00,9.6
3/16/2017 16:00:00,10.2
3/17/2017 16:00:00,10.25
3/20/2017 16:00:00,10.3
3/21/2017 16:00:00,10.3
3/22/2017 16:00:00,10.05
3/23/2017 16:00:00,10.3
3/24/2017 16:00:00,10
3/27/2017 16:00:00,10.1
3/28/2017 16:00:00,10.1
3/29/2017 16:00:00,10.15
3/30/2017 16:00:00,10.25
3/31/2017 16:00:00,10.2
4/3/2017 16:00:00,10.1
4/4/2017 16:00:00,10.2
4/5/2017 16:00:00,10
4/6/2017 16:00:00,10.05
4/7/2017 16:00:00,10.2
4/10/2017 16:00:00,10.25
4/11/2017 16:00:00,10.3
4/12/2017 16:00:00,9.9
4/13/2017 16:00:00,9.9
4/17/2017 16:00:00,10.05
4/18/2017 16:00:00,10.2
4/19/2017 16:00:00,10.15
4/20/2017 16:00:00,10.25
4/21/2017 16:00:00,10.5
4/24/2017 16:00:00,10.55
4/25/2017 16:00:00,10.65
4/26/2017 16:00:00,10.55
4/27/2017 16:00:00,10.8
4/28/2017 16:00:00,10.75
5/1/2017 16:00:00,10.95
5/2/2017 16:00:00,10.45
5/3/2017 16:00:00,10.3
5/4/2017 16:00:00,10.15
5/5/2017 16:00:00,10.5
5/8/2017 16:00:00,10.65
5/9/2017 16:00:00,10.9
5/10/2017 16:00:00,10.75
5/11/2017 16:00:00,10.5
5/12/2017 16:00:00,10.4
5/15/2017 16:00:00,10.55
5/16/2017 16:00:00,10.45
5/17/2017 16:00:00,10.15
5/18/2017 16:00:00,10.35
5/19/2017 16:00:00,10.25
5/22/2017 16:00:00,10.15
5/23/2017 16:00:00,10.35
5/24/2017 16:00:00,10.3
5/25/2017 16:00:00,10.35
5/26/2017 16:00:00,10.2
5/30/2017 16:00:00,10.05
5/31/2017 16:00:00,10
6/1/2017 16:00:00,10
6/2/2017 16:00:00,10.05
6/5/2017 16:00:00,10.05
6/6/2017 16:00:00,9.9
6/7/2017 16:00:00,9.9
6/8/2017 16:00:00,10
6/9/2017 16:00:00,10.15
6/12/2017 16:00:00,10.15
6/13/2017 16:00:00,10.25
6/14/2017 16:00:00,9.8
6/15/2017 16:00:00,9.8
6/16/2017 16:00:00,9.5
6/19/2017 16:00:00,9.55
6/20/2017 16:00:00,9.5
6/21/2017 16:00:00,9.55
6/22/2017 16:00:00,9.65
6/23/2017 16:00:00,10
6/26/2017 16:00:00,10.15
6/27/2017 16:00:00,9.8
6/28/2017 16:00:00,9.9
6/29/2017 16:00:00,9.9
6/30/2017 16:00:00,9.75
7/3/2017 16:00:00,10.05
7/5/2017 16:00:00,9.7
7/6/2017 16:00:00,9.45
7/7/2017 16:00:00,9.65
7/10/2017 16:00:00,9.55
7/11/2017 16:00:00,9.4
7/12/2017 16:00:00,9.45
7/13/2017 16:00:00,9.6
7/14/2017 16:00:00,9.6
7/17/2017 16:00:00,9.65
7/18/2017 16:00:00,9.6
7/19/2017 16:00:00,9.65
7/20/2017 16:00:00,9.7
7/21/2017 16:00:00,9.7
7/24/2017 16:00:00,9.6
7/25/2017 16:00:00,9.6
7/26/2017 16:00:00,9.75
7/27/2017 16:00:00,9.6
7/28/2017 16:00:00,9.65
7/31/2017 16:00:00,9.65
8/1/2017 16:00:00,9.65
8/2/2017 16:00:00,9.45
8/3/2017 16:00:00,9.3
8/4/2017 16:00:00,9.35
8/7/2017 16:00:00,9.3
8/8/2017 16:00:00,9.3
8/9/2017 16:00:00,9.1
8/10/2017 16:00:00,9.05
8/11/2017 16:00:00,8.85
8/14/2017 16:00:00,8.9
8/15/2017 16:00:00,8.65
8/16/2017 16:00:00,8.55
8/17/2017 16:00:00,8.7
8/18/2017 16:00:00,8.8
8/21/2017 16:00:00,9.25
8/22/2017 16:00:00,9.1
8/23/2017 16:00:00,8.9
8/24/2017 16:00:00,8
8/25/2017 16:00:00,8.95
8/28/2017 16:00:00,8.85
8/29/2017 16:00:00,8.85
8/30/2017 16:00:00,8.85
8/31/2017 16:00:00,9
9/1/2017 16:00:00,9.15
9/5/2017 16:00:00,9
9/6/2017 16:00:00,9.25
9/7/2017 16:00:00,9.4
9/8/2017 16:00:00,9.35
9/11/2017 16:00:00,9.55
9/12/2017 16:00:00,9.7
9/13/2017 16:00:00,9.55
9/14/2017 16:00:00,9.55
9/15/2017 16:00:00,9.6
9/18/2017 16:00:00,9.55
9/19/2017 16:00:00,9.55
9/20/2017 16:00:00,9.45
9/21/2017 16:00:00,9.45
9/22/2017 16:00:00,9.75
9/25/2017 16:00:00,9.7
9/26/2017 16:00:00,10.05
9/27/2017 16:00:00,9.95
9/28/2017 16:00:00,9.85
9/29/2017 16:00:00,9.85
10/2/2017 16:00:00,9.8
10/3/2017 16:00:00,9.9
10/4/2017 16:00:00,9.8
10/5/2017 16:00:00,10.05
10/6/2017 16:00:00,10.05
10/9/2017 16:00:00,9.7
10/10/2017 16:00:00,9.95
10/11/2017 16:00:00,9.95
10/12/2017 16:00:00,9.8
10/13/2017 16:00:00,9.6
10/16/2017 16:00:00,9.5
10/17/2017 16:00:00,9.6
10/18/2017 16:00:00,9.5
10/19/2017 16:00:00,9.3
10/20/2017 16:00:00,9.45
10/23/2017 16:00:00,9.3
10/24/2017 16:00:00,9.35
10/25/2017 16:00:00,9.25
10/26/2017 16:00:00,9.35
10/27/2017 16:00:00,9.75
10/30/2017 16:00:00,9.35
10/31/2017 16:00:00,9.4
11/1/2017 16:00:00,9.3
11/2/2017 16:00:00,9.6
11/3/2017 16:00:00,9.5
11/6/2017 16:00:00,9.55
11/7/2017 16:00:00,9.2
11/8/2017 16:00:00,9.3
11/9/2017 16:00:00,9.15
11/10/2017 16:00:00,9.2
11/13/2017 16:00:00,8.9
11/14/2017 16:00:00,9.25
11/15/2017 16:00:00,8.95
11/16/2017 16:00:00,9.45
11/17/2017 16:00:00,9.5
11/20/2017 16:00:00,9.5
11/21/2017 16:00:00,9.5
11/22/2017 16:00:00,9.65
11/24/2017 13:00:00,9.55
11/27/2017 16:00:00,9.65
11/28/2017 16:00:00,10.05
11/29/2017 16:00:00,10.5
11/30/2017 16:00:00,10.25
12/1/2017 16:00:00,10.25
12/4/2017 16:00:00,10.65
12/5/2017 16:00:00,10.6
12/6/2017 16:00:00,10.65
12/7/2017 16:00:00,10.65
12/8/2017 16:00:00,10.7
12/11/2017 16:00:00,10.75
12/12/2017 16:00:00,10.5
12/13/2017 16:00:00,10.85
12/14/2017 16:00:00,10.75
12/15/2017 16:00:00,11.15
12/18/2017 16:00:00,11.25
12/19/2017 16:00:00,11.4
12/20/2017 16:00:00,11.55
12/21/2017 16:00:00,11.4
12/22/2017 16:00:00,11.35
12/26/2017 16:00:00,10.9
12/27/2017 16:00:00,10.8
12/28/2017 16:00:00,10.7
12/29/2017 16:00:00,10.7
1/2/2018 16:00:00,10.9
1/3/2018 16:00:00,11.05
1/4/2018 16:00:00,11.1
1/5/2018 16:00:00,11.25
1/8/2018 16:00:00,11.35
1/9/2018 16:00:00,11.4
1/10/2018 16:00:00,11.45
1/11/2018 16:00:00,11.65
1/12/2018 16:00:00,11.65
1/16/2018 16:00:00,11.65
1/17/2018 16:00:00,11.3
1/18/2018 16:00:00,11.1
1/19/2018 16:00:00,11.5
1/22/2018 16:00:00,11.6
1/23/2018 16:00:00,11.75
1/24/2018 16:00:00,11.85
1/25/2018 16:00:00,11.65
1/26/2018 16:00:00,11.65
1/29/2018 16:00:00,11.65
1/30/2018 16:00:00,11.6
1/31/2018 16:00:00,10.43
2/1/2018 16:00:00,10.35
2/2/2018 16:00:00,10.35
2/5/2018 16:00:00,10.2
2/6/2018 16:00:00,10.6
2/7/2018 16:00:00,10.95
2/8/2018 16:00:00,10.7
2/9/2018 16:00:00,10.8
2/12/2018 16:00:00,10.8
2/13/2018 16:00:00,10.85
2/14/2018 16:00:00,10.9
2/15/2018 16:00:00,10.85
2/16/2018 16:00:00,11
2/20/2018 16:00:00,11.35
2/21/2018 16:00:00,11.5
2/22/2018 16:00:00,11.95
2/23/2018 16:00:00,12.5
2/26/2018 16:00:00,12.9
2/27/2018 16:00:00,11.85
2/28/2018 16:00:00,11.65
3/1/2018 16:00:00,11.55
3/2/2018 16:00:00,12.05
3/5/2018 16:00:00,12.45
3/6/2018 16:00:00,12.25
3/7/2018 16:00:00,12.35
3/8/2018 16:00:00,12
3/9/2018 16:00:00,12.05
3/12/2018 16:00:00,12
3/13/2018 16:00:00,12.35
3/14/2018 16:00:00,12.7
3/15/2018 16:00:00,12.9
3/16/2018 16:00:00,13
3/19/2018 16:00:00,12.95
3/20/2018 16:00:00,12.4
3/21/2018 16:00:00,12.4
3/22/2018 16:00:00,12.6
3/23/2018 16:00:00,12.05
3/26/2018 16:00:00,12.18
3/27/2018 16:00:00,11.9
3/28/2018 16:00:00,11.85
3/29/2018 16:00:00,11.8
4/2/2018 16:00:00,11.75
4/3/2018 16:00:00,12.15
4/4/2018 16:00:00,12.5
4/5/2018 16:00:00,12.7
4/6/2018 16:00:00,12.7
4/9/2018 16:00:00,12.3
4/10/2018 16:00:00,12.85
4/11/2018 16:00:00,13.1
4/12/2018 16:00:00,13
4/13/2018 16:00:00,12.75
4/16/2018 16:00:00,12.95
4/17/2018 16:00:00,13.05
4/18/2018 16:00:00,13.2
4/19/2018 16:00:00,13
4/20/2018 16:00:00,12.7
4/23/2018 16:00:00,12.75
4/24/2018 16:00:00,12.6
4/25/2018 16:00:00,12.6
4/26/2018 16:00:00,12.75
4/27/2018 16:00:00,12.75
4/30/2018 16:00:00,12.7
5/1/2018 16:00:00,11.85
5/2/2018 16:00:00,12
5/3/2018 16:00:00,12.15
5/4/2018 16:00:00,12.15
5/7/2018 16:00:00,12.15
5/8/2018 16:00:00,12.35
5/9/2018 16:00:00,12.45
5/10/2018 16:00:00,12.35
5/11/2018 16:00:00,12.2
5/14/2018 16:00:00,12.15
5/15/2018 16:00:00,12.05
5/16/2018 16:00:00,12.2
5/17/2018 16:00:00,12.4
5/18/2018 16:00:00,12.4
5/21/2018 16:00:00,12.55
5/22/2018 16:00:00,12.65
5/23/2018 16:00:00,12.85
5/24/2018 16:00:00,12.95
5/25/2018 16:00:00,13.1
5/29/2018 16:00:00,12.95
5/30/2018 16:00:00,12.7
5/31/2018 16:00:00,12.6
6/1/2018 16:00:00,12.7
6/4/2018 16:00:00,12.9
6/5/2018 16:00:00,12.95
6/6/2018 16:00:00,12.85
6/7/2018 16:00:00,12.8
6/8/2018 16:00:00,12.95
6/11/2018 16:00:00,12.9
6/12/2018 16:00:00,12.85
6/13/2018 16:00:00,12.85
6/14/2018 16:00:00,12.8
6/15/2018 16:00:00,12.85
6/18/2018 16:00:00,13.05
6/19/2018 16:00:00,13.1
6/20/2018 16:00:00,13.2
6/21/2018 16:00:00,13
6/22/2018 16:00:00,12.9
6/25/2018 16:00:00,12.5
6/26/2018 16:00:00,12.6
6/27/2018 16:00:00,12.45
6/28/2018 16:00:00,12.65
6/29/2018 16:00:00,12.55
7/2/2018 16:00:00,12.85
7/3/2018 13:00:00,12.9
7/5/2018 16:00:00,12.95
7/6/2018 16:00:00,12.85
7/9/2018 16:00:00,13.05
7/10/2018 16:00:00,12.95
7/11/2018 16:00:00,12.85
7/12/2018 16:00:00,13
7/13/2018 16:00:00,13.1
7/16/2018 16:00:00,12.8
7/17/2018 16:00:00,12.7
7/18/2018 16:00:00,12.6
7/19/2018 16:00:00,12.8
7/20/2018 16:00:00,13.5
7/23/2018 16:00:00,14
7/24/2018 16:00:00,13.9
7/25/2018 16:00:00,14.35
7/26/2018 16:00:00,14.6
7/27/2018 16:00:00,14.35
7/30/2018 16:00:00,14.3
7/31/2018 16:00:00,14.5
8/1/2018 16:00:00,14.3
8/2/2018 16:00:00,14.4
8/3/2018 16:00:00,14.4
8/6/2018 16:00:00,14.4
8/7/2018 16:00:00,14.45
8/8/2018 16:00:00,14.4
8/9/2018 16:00:00,14.5
8/10/2018 16:00:00,14.55
8/13/2018 16:00:00,14.65
8/14/2018 16:00:00,14.6
8/15/2018 16:00:00,14.35
8/16/2018 16:00:00,14.2
8/17/2018 16:00:00,14.45
8/20/2018 16:00:00,14.55
8/21/2018 16:00:00,14.3
8/22/2018 16:00:00,14.15
8/23/2018 16:00:00,12.68
8/24/2018 16:00:00,12.53
8/27/2018 16:00:00,11.65
8/28/2018 16:00:00,11.9
8/29/2018 16:00:00,11.85
8/30/2018 16:00:00,11.7
8/31/2018 16:00:00,12.05
9/4/2018 16:00:00,11.75
9/5/2018 16:00:00,11.85
9/6/2018 16:00:00,11.9
9/7/2018 16:00:00,12.3
9/10/2018 16:00:00,11.7
9/11/2018 16:00:00,11.9
9/12/2018 16:00:00,11.55
9/13/2018 16:00:00,11.5
9/14/2018 16:00:00,11.6
9/17/2018 16:00:00,10.7
9/18/2018 16:00:00,11.05
9/19/2018 16:00:00,11.15
9/20/2018 16:00:00,11.25
9/21/2018 16:00:00,11.95
9/24/2018 16:00:00,11.6
9/25/2018 16:00:00,11.55
9/26/2018 16:00:00,11.6
9/27/2018 16:00:00,11.7
9/28/2018 16:00:00,11.8
10/1/2018 16:00:00,11.53
10/2/2018 16:00:00,11.17
10/3/2018 16:00:00,11.51
10/4/2018 16:00:00,11.23
10/5/2018 16:00:00,11.16
10/8/2018 16:00:00,11.18
10/9/2018 16:00:00,11.21
10/10/2018 16:00:00,11.04
10/11/2018 16:00:00,10.98
10/12/2018 16:00:00,11.07
10/15/2018 16:00:00,11.06
10/16/2018 16:00:00,11.47
10/17/2018 16:00:00,11.35
10/18/2018 16:00:00,11.01
10/19/2018 16:00:00,10.76
10/22/2018 16:00:00,10.77
10/23/2018 16:00:00,10.66
10/24/2018 16:00:00,10.1
10/25/2018 16:00:00,10.79
10/26/2018 16:00:00,10.63
10/29/2018 16:00:00,10.44
10/30/2018 16:00:00,10.6
10/31/2018 16:00:00,10.45
11/1/2018 16:00:00,13.7
11/2/2018 16:00:00,13.37
11/5/2018 16:00:00,13.05
11/6/2018 16:00:00,12.66
11/7/2018 16:00:00,13.56
11/8/2018 16:00:00,13.67
11/9/2018 16:00:00,13.3
11/12/2018 16:00:00,12.98
11/13/2018 16:00:00,12.95
11/14/2018 16:00:00,12.95
11/15/2018 16:00:00,12.98
11/16/2018 16:00:00,12.74
11/19/2018 16:00:00,12.56
11/20/2018 16:00:00,12.37
11/21/2018 16:00:00,12.49
11/23/2018 13:00:00,12.51
11/26/2018 16:00:00,12.55
11/27/2018 16:00:00,12.46
11/28/2018 16:00:00,12.78
11/29/2018 16:00:00,12.81
11/30/2018 16:00:00,12.51
12/3/2018 16:00:00,12.6
12/4/2018 16:00:00,12.29
12/6/2018 16:00:00,12.74
12/7/2018 16:00:00,12.61
12/10/2018 16:00:00,12.46
12/11/2018 16:00:00,12.72
12/12/2018 16:00:00,12.64
12/13/2018 16:00:00,12.61
12/14/2018 16:00:00,12.64
12/17/2018 16:00:00,12.48
12/18/2018 16:00:00,12.33
12/19/2018 16:00:00,11.85
12/20/2018 16:00:00,11.66
12/21/2018 16:00:00,10.99
12/24/2018 13:00:00,10.87
12/26/2018 16:00:00,11.53
12/27/2018 16:00:00,11.85
12/28/2018 16:00:00,11.92
12/31/2018 16:00:00,12.23
1/2/2019 16:00:00,12.18
1/3/2019 16:00:00,12.06
1/4/2019 16:00:00,12.43
1/7/2019 16:00:00,12.69
1/8/2019 16:00:00,12.96
1/9/2019 16:00:00,12.99
1/10/2019 16:00:00,12.87
1/11/2019 16:00:00,13.02
1/14/2019 16:00:00,13
1/15/2019 16:00:00,12.94
1/16/2019 16:00:00,12.8
1/17/2019 16:00:00,12.97
1/18/2019 16:00:00,12.9
1/22/2019 16:00:00,12.87
1/23/2019 16:00:00,13.4
1/24/2019 16:00:00,13.15
1/25/2019 16:00:00,13.35
1/28/2019 16:00:00,13.33
1/29/2019 16:00:00,13.28
1/30/2019 16:00:00,13.34
1/31/2019 16:00:00,15.95
2/1/2019 16:00:00,16.35
2/4/2019 16:00:00,17.3
2/5/2019 16:00:00,17.31
2/6/2019 16:00:00,16.83
2/7/2019 16:00:00,16.86
2/8/2019 16:00:00,16.93
2/11/2019 16:00:00,16.95
2/12/2019 16:00:00,17.19
2/13/2019 16:00:00,16.91
2/14/2019 16:00:00,16.73
2/15/2019 16:00:00,16.7
2/19/2019 16:00:00,17.2
2/20/2019 16:00:00,17.46
2/21/2019 16:00:00,17.47
2/22/2019 16:00:00,17.68
2/25/2019 16:00:00,17.98
2/26/2019 16:00:00,17.83
2/27/2019 16:00:00,17.83
2/28/2019 16:00:00,17.84
3/1/2019 16:00:00,18.29
3/4/2019 16:00:00,17.87
3/5/2019 16:00:00,17.73
3/6/2019 16:00:00,17.9
3/7/2019 16:00:00,17.68
3/8/2019 16:00:00,17.87
3/11/2019 16:00:00,18.14
3/12/2019 16:00:00,18.33
3/13/2019 16:00:00,18.02
3/14/2019 16:00:00,18.19
3/15/2019 16:00:00,18
3/18/2019 16:00:00,17.96
3/19/2019 16:00:00,18.3
3/20/2019 16:00:00,18.38
3/21/2019 16:00:00,18.48
3/22/2019 16:00:00,18.15
3/25/2019 16:00:00,18.39
3/26/2019 16:00:00,17.95
3/27/2019 16:00:00,18.21
3/28/2019 16:00:00,18.15
3/29/2019 16:00:00,18.23
4/1/2019 16:00:00,18.34
4/2/2019 16:00:00,18.29
4/3/2019 16:00:00,18.55
4/4/2019 16:00:00,18.51
4/5/2019 16:00:00,18.69
4/8/2019 16:00:00,18.49
4/9/2019 16:00:00,18.6
4/10/2019 16:00:00,18.81
4/11/2019 16:00:00,18.58
4/12/2019 16:00:00,18.7
4/15/2019 16:00:00,19.06
4/16/2019 16:00:00,18.77
4/17/2019 16:00:00,18.84
4/18/2019 16:00:00,18.82
4/22/2019 16:00:00,18.75
4/23/2019 16:00:00,18.92
4/24/2019 16:00:00,19.07
4/25/2019 16:00:00,19.09
4/26/2019 16:00:00,19.2
4/29/2019 16:00:00,19.41
4/30/2019 16:00:00,21.29
5/1/2019 16:00:00,20.77
5/2/2019 16:00:00,20.64
5/3/2019 16:00:00,20.49
5/6/2019 16:00:00,20.31
5/7/2019 16:00:00,20.43
5/8/2019 16:00:00,20.15
5/9/2019 16:00:00,19.56
5/10/2019 16:00:00,19.29
5/13/2019 16:00:00,18.89
5/14/2019 16:00:00,19.11
5/15/2019 16:00:00,19.05
5/16/2019 16:00:00,19.02
5/17/2019 16:00:00,18.77
5/20/2019 16:00:00,18.37
5/21/2019 16:00:00,18.25
5/22/2019 16:00:00,18.09
5/23/2019 16:00:00,17.83
5/24/2019 16:00:00,18.46
5/28/2019 16:00:00,18.1
5/29/2019 16:00:00,18.1
5/30/2019 16:00:00,18.04
5/31/2019 16:00:00,18.26
6/3/2019 16:00:00,18.11
6/4/2019 16:00:00,19.06
6/5/2019 16:00:00,18.75
6/6/2019 16:00:00,18.83
6/7/2019 16:00:00,18.83
6/10/2019 16:00:00,18.95
6/11/2019 16:00:00,19.4
6/12/2019 16:00:00,19.48
6/13/2019 16:00:00,19.87
6/14/2019 16:00:00,19.78
6/17/2019 16:00:00,20
6/18/2019 16:00:00,20.21
6/19/2019 16:00:00,20.27
6/20/2019 16:00:00,19.68
6/21/2019 16:00:00,19.52
6/24/2019 16:00:00,19.57
6/25/2019 16:00:00,19.01
6/26/2019 16:00:00,18.98
6/27/2019 16:00:00,19.16
6/28/2019 16:00:00,18.88
7/1/2019 16:00:00,19.31
7/2/2019 16:00:00,19.1
7/3/2019 13:00:00,19.06
7/5/2019 16:00:00,19.26
7/8/2019 16:00:00,19.09
7/9/2019 16:00:00,19.18
7/10/2019 16:00:00,19.21
7/11/2019 16:00:00,18.68
7/12/2019 16:00:00,19.18
7/15/2019 16:00:00,19.16
7/16/2019 16:00:00,19.68
7/17/2019 16:00:00,19.55
7/18/2019 16:00:00,19.75
7/19/2019 16:00:00,19.13
7/22/2019 16:00:00,19.2
7/23/2019 16:00:00,18.95
7/24/2019 16:00:00,19.32
7/25/2019 16:00:00,19.28
7/26/2019 16:00:00,19.38
7/29/2019 16:00:00,19.68
7/30/2019 16:00:00,20.03
7/31/2019 16:00:00,19.58
8/1/2019 16:00:00,19.24
8/2/2019 16:00:00,18.93
8/5/2019 16:00:00,19.12
8/6/2019 16:00:00,19.12
8/7/2019 16:00:00,19.05
8/8/2019 16:00:00,19.48
8/9/2019 16:00:00,19.09
8/12/2019 16:00:00,18.7
8/13/2019 16:00:00,19.24
8/14/2019 16:00:00,18.81
8/15/2019 16:00:00,18.26
8/16/2019 16:00:00,18.39
8/19/2019 16:00:00,18.73
8/20/2019 16:00:00,18.64
8/21/2019 16:00:00,19.36
8/22/2019 16:00:00,17.06
8/23/2019 16:00:00,15.29
8/26/2019 16:00:00,15.66
8/27/2019 16:00:00,14.73
8/28/2019 16:00:00,15.25
8/29/2019 16:00:00,15.13
8/30/2019 16:00:00,14.72
9/3/2019 16:00:00,14.37
9/4/2019 16:00:00,14.25
9/5/2019 16:00:00,14.52
9/6/2019 16:00:00,14.36
9/9/2019 16:00:00,14.48
9/10/2019 16:00:00,14.66
9/11/2019 16:00:00,14.92
9/12/2019 16:00:00,15.02
9/13/2019 16:00:00,15.25
9/16/2019 16:00:00,15.01
9/17/2019 16:00:00,14.76
9/18/2019 16:00:00,14.41
9/19/2019 16:00:00,14.06
9/20/2019 16:00:00,14.22
9/23/2019 16:00:00,14.33
9/24/2019 16:00:00,14.34
9/25/2019 16:00:00,14.47
9/26/2019 16:00:00,14.65
9/27/2019 16:00:00,14.64
9/30/2019 16:00:00,14.8
10/1/2019 16:00:00,14.41
10/2/2019 16:00:00,14.48
10/3/2019 16:00:00,14.41
10/4/2019 16:00:00,14.59
10/7/2019 16:00:00,14.49
10/8/2019 16:00:00,14.01
10/9/2019 16:00:00,13.93
10/10/2019 16:00:00,13.92
10/11/2019 16:00:00,14.34
10/14/2019 16:00:00,14.13
10/15/2019 16:00:00,14.29
10/16/2019 16:00:00,14.31
10/17/2019 16:00:00,14.37
10/18/2019 16:00:00,14.03
10/21/2019 16:00:00,13.92
10/22/2019 16:00:00,13.88
10/23/2019 16:00:00,14.06
10/24/2019 16:00:00,13.43
10/25/2019 16:00:00,13.63
10/28/2019 16:00:00,13.74
10/29/2019 16:00:00,13.58
10/30/2019 16:00:00,13.39
10/31/2019 16:00:00,14.26
11/1/2019 16:00:00,13.45
11/4/2019 16:00:00,12.86
11/5/2019 16:00:00,13.03
11/6/2019 16:00:00,13.14
11/7/2019 16:00:00,13.3
11/8/2019 16:00:00,13.21
11/11/2019 16:00:00,12.93
11/12/2019 16:00:00,13.03
11/13/2019 16:00:00,12.99
11/14/2019 16:00:00,12.61
11/15/2019 16:00:00,12.8
11/18/2019 16:00:00,12.87
11/19/2019 16:00:00,12.8
11/20/2019 16:00:00,12.58
11/21/2019 16:00:00,12.05
11/22/2019 16:00:00,12.87
11/25/2019 16:00:00,13.61
11/26/2019 16:00:00,13.41
11/27/2019 16:00:00,13.52
11/29/2019 13:00:00,13.47
12/2/2019 16:00:00,13.12
12/3/2019 16:00:00,12.71
12/4/2019 16:00:00,12.6
12/5/2019 16:00:00,12.89
12/6/2019 16:00:00,12.84
12/9/2019 16:00:00,13.23
12/10/2019 16:00:00,12.99
12/11/2019 16:00:00,13.08
12/12/2019 16:00:00,13.26
12/13/2019 16:00:00,13.58
12/16/2019 16:00:00,13.64
12/17/2019 16:00:00,13.63
12/18/2019 16:00:00,13.95
12/19/2019 16:00:00,14.25
12/20/2019 16:00:00,14.28
12/23/2019 16:00:00,14.05
12/24/2019 13:00:00,14.22
12/26/2019 16:00:00,14.15
12/27/2019 16:00:00,14.31